Peptide,Molecular Weight
"MDNIVVADKQSE","1348.6542"
"VATQSAWGNINLNAPSVVQVPVSPDKVATVTQRGQDLIVTLKSGE","4689.958199999999"
"KITIGNFFAVDQAGVGSDMVFVGE","2502.1792"
"DGTLWHAQYDAAAFTGFTFEE","2377.8060000000005"
"VASLDE","632.7425999999999"
"LVAGIGTAGSAMPTWAIAGLSLLGVGGAAAAADNGGGGSSGGSDPDTSAPATPIDLLVSPDGLRLTGRGE","6376.0734"
"AGTTVNIRDAAGNLIGSGTVGADGNFNVTLNAPQINSE","3730.5718000000006"
"NLDVTLTDAAGNVSAPGAVTAPDATAPLAPTDLAINE","3548.4122000000007"
"QGNTLTGRAEPGSTVSVRGAGGVLLGTAVAGADGQFSITLQPPQSDGQALE","4939.1458"
"ISAADAAGNISPVASITAPDVDNPDTTAPE","2881.4894000000004"
"QPTDLALADGVTFTGRGEPGATVQVRDAAGNLIGTGVVGADGLFSLTLSPAQTNGE","5485.840999999999"
"ALDVRLVDAAGNSSAPLQFDAPDITPPDAVTNITVGADGLALSGRGEPGATVE","5204.481599999999"
"VRDANGTVIGTGVVGANGTFLIDLAPAAQPGE","3081.8950000000004"
"QLSLVQTDPSGNASVATE","1817.1930000000002"
"YDVPLTTAPDSPSNLAIDADGTTLTGTAPAGSRVE","3475.2441999999996"
"VHDANGTLIGSAIANADGSFSIE","2259.7426"
"LNPAQANGE","913.074"
"LLDVVAIDDGGVSSLPAQITAPDITAPAAPTE","3118.9474000000005"
"LAVSADGSVITGRAEPGSTVRIVAADGTE","2800.4928"
"LGTAVVGPTGVFSLNLNPPQVDGE","2382.0105999999996"
"VLQATATDAAGNTSPSSAVTAPDIDGVDTTPPAAPTDLVIGLAGSQLSGRGE","4936.105600000001"
"AGSTVQVRDAAGNILATGTVAADGTFTVTLAPAVNDGSTLQVTLTDAAGNVSQPGSVTSADLLPPAQPTDLALTDGITFTGRGEPGATVQVRDAGGAVIGTGVVGADGLFSLTLSPAQTNGE","11737.705799999994"
"ALDVRLVDAAGNSSIPLE","1840.3165999999999"
"FTAPDITPPDAVTDILVGPGGTALSGRGEPGATVE","3380.2326"
"VRDANGTVIGTGVVGANGTFLIDLAPAAQPGE","3081.8950000000004"
"QLSLVQTDPSGNASVATE","1817.1930000000002"
"YDVPLTTAPDSPSNLAIDADGTTLTGTAPAGSRVE","3475.2441999999996"
"VHDANGTLIGSAIANADGSFSIE","2259.7426"
"LNPAQANGE","913.074"
"LLDVVAIDDGGVSSLPAQITAPDITAPAAPTE","3118.9474000000005"
"LAVSADGSVITGRAEPGSTVRIVAADGTE","2800.4928"
"LGTAVVGPTGVFSLNLNPPQVDGE","2382.0105999999996"
"VLQATATDAAGNTSVTSSVTAPDIDGGDTTPPE","3160.7842000000005"
"APTNLVIGLAGSQLSGRGE","1840.3348"
"AGTTVQVRDAAGNILATGTVAADGTFTVTLNPAVNDGSTLQVTLTDAAGNVSQPGSVTSADLLPPAQPTDLALADGVTFTGRGEPGATVQVRDAAGNLIGTGVVGADGLFSLTLSPAQANGE","11791.756999999994"
"ALDVRLVDAAGNSSIPLE","1840.3165999999999"
"FTAPDITPPE","1087.3282000000002"
"AVTDILVGPGGTALSGRGEPGATVDVRDANGTVIGTGVVGANGTFLIDLAPAAQPGE","5374.799399999999"
"QLSLVQTDASGNASSALQFE","2066.4922"
"VPLTTAPASPSDLVFAE","1715.1712000000002"
"DGSSISGTAPAGTRVE","1504.7975999999999"
"VHDANGTLVGTVVAGPDGSFTVTLDPPQANGE","3136.8416"
"LLDVVAIDDGGVSSLPTQITAPDITAPAAPTE","3148.9736000000007"
"LVINADGSVVTGRAEPGSTVRVLAADGTTVLGSVVVGATGSFSITLDPPQIDGE","5268.6672"
"VLQVTATDAAGNASTASNLTAPDIDGGDTTPPE","3171.8104"
"APTNLVIGLAGSQLSGRGE","1840.3348"
"VGSTVQVRDAAGNILATGTVAADGTFVIALDPAVNDGSTLQVTLTDAAGNVSQPGSVTSADLLPPAQPTDLALADGVTFTGRGEPGATVQVRDAGGAVIGTGVVGADGLFSLTLSPAQANGE","11717.717999999993"
"ALDVRLVDADGNASAPLQFDAPDITPPGAVSNIAVGADGLALSGRGEPGATVE","5130.402399999999"
"VRDASGTVIGTGVVGANGTFLIDLAPAAQPGE","3054.8694000000005"
"QLTLVQTDPSGNASSALQFE","2106.5568000000003"
"VPVTTAPASPSDLVFAE","1701.1444000000001"
"DGSSISGTAPAGTRVE","1504.7975999999999"
"VHDANGTLIGTVVAGPDGSFTVTLDPAQTNGE","3154.8568"
"LLDVVAIDDGGVSSLPTQITAPDITAPAAPTE","3148.9736000000007"
"LVINADGSVVTGRAEPGSTVRVLAADGTTVLGSVIVGATGSFSITLDPPQIDGE","5282.6939999999995"
"VLQVTATDAAGNASTASNLTAPDIDGGDTTPPE","3171.8104"
"APTNLVINPAGSQLTGRGE","1895.3708"
"AGTSVQVRDGAGTVVATGTVNPDGTFAITLNPAITDGSTLQVTLTDAAGNVSQPGSVATPDLLAPTQPTE","6808.481999999998"
"LALIDGVTFTGRGEPGATVQVRDATGSLIGTGLVNE","3586.5381999999995"
"DGTFSVTLFPAQANGE","1653.9892000000002"
"ALDIRVVDAAGNSSTPLAFTAPDVTPPAAVSNVVVGADGLVLSGRGE","4548.772999999999"
"AGATVQVRDANGSVIGTATVGANGTFLVDLTPAAQPGE","3627.5346"
"QLSLVQTDASGNASE","1519.794"
"ALQYE","622.7348"
"IPATTTPASPSDLVVAANGASITGTAPTGSRVE","3110.9028000000003"
"VHDANGTLVGSVVVGAGGTFTVILNPAQANGE","3065.852400000001"
"LLDVVAIDGTGASSLPVQIAAPDITPPVTPSE","3145.0284"
"LAISANGSE","861.0386"
"VTGRAE","631.7608"
"VGSTVRVLAADGTTVLGSVVVDATGSFSITLDPPQVSGE","3803.8019999999997"
"VLQVTATDAAGNTSTAGDITAPDIDGGDTTPPDAATNLVVGLAGAQLNGRGE","4952.064799999999"
"AGASVQVRDAQGNVLANGSVNPDGTFQITLDPPVKDGSNLQVVLTDASGNASAPASVVTPDLQAPAQPTGVALADGVTLSGNGEPGATVQVRDALGNLLGTGLVTE","10317.915399999996"
"TGSFSITLSPAQANGE","1579.9074000000003"
"ILDIRLIDAAGNISSPLQFE","2185.7875999999997"
"APDITVPAVVSSIVVGADGLTLGGRGE","2551.2796000000003"
"AGATVE","546.6524"
"VRDANGTLVGTGTVTANGTFLIDLDPAALPGE","3156.9590000000007"
"RLSLVQTDPSGNASE","1573.8884"
"ALTYDVPLVVTPTSPSE","1789.2504000000001"
"LVVAADGSSISGSAPAGSRVE","1930.4006000000002"
"VHDANGTLVGSIVVGAE","1638.0486000000003"
"GTFTVVLIPAQANGE","1516.9226000000003"
"LLDVVAIDNNGTSSLPVQVAAPDITAPVAPSDLAISGDGTVVSGRAE","4574.761999999999"
"AGSTVRVLAADGTTVLGSVVVGASGAFSIGLTPPQVAGE","3613.6495999999997"
"QLQVTATDVAGNASTAGSVTAPIVDNGGDTTPPEPATE","3654.4220000000005"
"LAISNDGRTVSGRGE","1531.8542"
"AGATVE","546.6524"
"VRNDQGQVLVSGTVQPDGSFNVQLPTPVVDGSSLQVTLTDAAGNVSTPSPLTAPDQVAPLQPTDLVLSNGDSLAGTAE","7827.722999999998"
"GGARVE","587.7078"
"VKDASGNLIGSAIAEPDGSFSLTLDPPQANGE","3171.8842000000004"
"TLSITVTDAAGNTSVPLSYVAPDITAPAIVADVVASDGSLAVSGRGEPGATVE","5085.396199999998"
"VRDAQGAVIGTGTVAPNGTFVIDLE","2501.1488"
"APLAAGE","627.7846"
"NLVLVQTDAAGNTSAGVSVTVADTPLPE","2740.4192000000003"
"SPSGVVVAGDGSSVSGTAPADTQVE","2274.7388000000005"
"VRDAQGNVLGSAQAGPDGSFTVGLTPAQANGE","3085.7568"
"TLDVVAVDGAGNSSLPTQITAPDITPPNE","2893.5716000000007"
"ASE","305.3174"
"LQLSADGSLLTGRGEPGTTVQVISADGTVLGNAQVGADGVISVVLNPAQTDGQE","5278.576399999998"
"LDVVLRDPAGNTSTANIVAPDTDGPLQPSGLAIDTAGIHLTGQGQSGSIVTVRDADGNVLGTATVGGDGRFDVTLNAPQRNGE","8268.222999999998"
"SLTVE","547.6652"
"ATDNLGNSAGPVDFTAPDSTPPQVVTNPAIDGIGTTITGNGEPGATVTVRGPDGSVLGSTVVGAGGAFE","6525.056399999998"
"ITLDEPQTNGQALTVE","1729.0968"
"QRDAAGNLSAAVDLSAPDTQAPDSPTGLVLAGDGSSLSGSGEPGAQVTVTGTGGAVLGTATVQPDGTFQVAIDPPQLNGQTLSVTQADNSGNGSPAGTVIAPDFE","10034.308399999996"
"APLPAQGLGLDPTGTLLSGQGE","2092.6468"
"AGSTVE","562.6518000000001"
"VRNAAGNLLGTIPVNADGTFE","2129.6553999999996"
"VALSPAQTNGE","1086.3157999999999"
"VLSVVLIDGGGNASPSATFTADDSTAPAAPAGLTITPGGSAIQGSGE","4300.356400000001"
"AGSTVE","562.6518000000001"
"VKLADGTLVGTVVVPAGGSFTVPLSPAQLDGQALNVTLTDAAGNISQPSQIFAPDITPPALPTDVAVSSDGTAVTGNAPGASSVTVSDGAGNVITVAVNPDGSFSVPLDTPQNNGQTVTVVVTDAAGNDSAPVSVTAPDTTNPEPATGLTVSPDGSTVGGTAEPGSTVE","16191.162400000005"
"VRNPDDTVRGTVTAGPDGTFVIPVAPPLASGE","3207.0218000000004"
"TVDVVVIDPAGNE","1327.6326000000001"
"SPE","331.3552"
"IPLTGPTGTE","985.2360000000001"
"VATPSALAISVDGFLLTGQGTVGSLITVTSGGTTLGSATVGSDGTFRVFFQNAQLNAQILQVSAKATVDGQPSVPAIIVANDTTAPDAPTQVNLNATGSTLTGQGE","10420.131199999998"
"VGATVRVTDLQGTLLGTATVDSNGLFSVSFSPAVANGQNLIVTQADAAGNVSLAATLQAPDLQAPLAASNLSLNSAATVLSGQGE","8282.444"
"AGASVTVRDASGAILATGTVNQSGQFQITLPSAQVTGSPLQVTLSDAAGNVSGPASLATPDHTPPAAISNPVLSQDGRQLSGSGE","8227.2412"
"AGATVQVRNAAGALLGTATVGTDGRFTVTFDTPQANGQVIGVTQMDAASNTSPAINVTTPDLTPPAPLTNVVLNNNGLTLTGLGE","8421.6186"
"AGATVTVHGPDGTIIGTGLVAANGSFTLTLNSAQLNAQLLSVTQTDAGNNTSTAVAVTAPDFTPPTAPTALALSGTGLQLTGNAE","8179.277199999997"
"AGSTVTVRDASGNVLGTAVAGGNGTFQVTLNSAQTNGQILQVTATDAAGNVSPAAPYTAADTTPPAAVANLAVSANGATLTGDGE","8002.892799999996"
"AGATVTVRAPDGTVLGNATVAADGHFSVSLSPAAITGE","3582.4937999999997"
"SLSVVQADAAQNVSPAQNVTAPGALAPATPDNLILAADGLSVSGTAE","4474.6018"
"AGSTIKVYGPNGVLLGSSPVTNDGTFTVNLGSAQANGE","3694.5786"
"VLQVSATGPDGTVSLPATLQAPDTTAPQPLTNLVLSNDGLVLSGRGE","4672.9094"
"AGATVTVLGE","917.1610000000001"
"GGIE","374.4386"
"LGTAVVDANGDFNVDLSVAQINGE","2418.9424000000004"
"QLSASQSDVAGNE","1305.4997999999998"
"SNSVSLTAPDRVAPDAAGNLAFAGGGSLLNGTGE","3187.92"
"AGAAVRVLAADGSVLGSATVRADGTFQVNLVSPQANGQQVQVVLADAAGNQSAASAITAPDTTPPSAPGE","6687.355199999997"
"LAVSGDGVTLTGRGE","1431.7744"
"VGARVTVTNPAGEE","1399.7172000000003"
"IGSATVDASGHFTITLSPALGNAE","2329.8918"
"LLSFTQADAAGNVSAVATLQTPDFTPPDPLTQVVINADGSVVSGLGE","4685.861600000001"
"AGATVIVSNAAGTVLGTGIVLADGSFSVE","2677.4215999999997"
"LSPAQINNQTLSVLQADPPGNVSLPVNVQAPDLTPPAAATE","4150.2206"
"LRLNAAGDE","958.158"
"LGGVGE","530.653"
"VGATVRVYVGTTQIGTGTVGANGTFIVE","2768.5216"
"LDAAQLDGQVLQVTLTDATGNISPISSVTAVDTTPPATVVATINDSGTQVIGTAE","5439.786"
"AGTRVTVVNNNGDLLGQVTVEPDGTFVLDLNLPQINGE","3980.9519999999998"
"TLTIIAQDATGNPSVPLAVTAPDLTPPVQPTDLLLNAAGTSMTGTAE","4646.926799999999"
"AGSTITVRGPDNNIVGTVE","1900.3440000000003"
"VGE","303.3448"
"NGQFTVPISPAQNNGQLLTVVSTDDAGNASVAVPYQTNDTSPPDLVTNLAINNTFNVLTGKGE","6503.0048"
"ANATVTVSFDGDVIGTGVVDGAGNFQITLVPAVGSLATLE","3877.8989999999994"
"VTQSDGINTSAVATYLTPLIAPPVPPTDVTLGSDGLTLTGSAPSGVGIRVYDAAGNLIGTGVASLNGSFTLTLDAAQLNGE","7916.003800000001"
"HISVTAVALIGGE","1266.6386"
"SQPTFLQAADITPPTNPVVTSLSVNGLVLTGTGE","3426.3293999999987"
"AGATVTVRDAGNNVLGTAVVNGGGVFTVNLNAAQLNGQVLGVSQADTAGNVSGSTSYTAADLQPPAAPTNVAINGTGTVLTGSGE","8043.003599999998"
"AGATITVQGPNGQVGTGVVQANGTFSITLTSPQNDGQLLVVRQADAAGNLSASTSLTAPDTTPPAAPLATINANGTSVSGSGQVGSTVTVRNSAGTVLGTATVGSNGLFVVSLTAAQIDNQALSVTLTDSAGNVSTGTALTAPDLTPPAAAGNLLFSADGGTLTGTGE","15982.001599999998"
"VGATVTVRSAGGTVLQTATVQADGTFTVTLSPPQDNGQILSVTLSDPRGNVSGNVNVTAPDVDANAPVIASDNLATATVNLAAVSATKTYTDSFTTLLSGFSKTYTWTVAAGTTADPTLTLTTNSVLALLNNTSFTLQVKDASGAWVTIATGNTQGLLDLIVLPIGLQVDIGVLQAGDYRLTVGSGGIGLITE","19502.709800000004"
"VSTTLDIVSTSLTQFTGTGIATSGNVITDVGTDGAVDARGPDSAAVLQVLKDGSYVSAGTATTVQGQYGTLVIRADGSYTYTPNGSPNSVGKVDVFSYQLVHPNGLSDAANLYVRIDSPQATE","12548.536799999996"
"VWSDTNYGAPATVVDAVNDVGTSQVTLDNRVDSSSSTLGSLNLPVIGTRQATYTTTVAANTTADLQVVVNSTNLLSLLNGTTIE","8672.7318"
"LLKLNPATGQYVLVQSVPGGSLVSILGGGAGYTFE","3507.5505999999996"
"NQGAGTYHVRVTAGGIGLLSSITTSLNTTTTYLTE","3599.475599999999"
"FVVSGATAATGNLLADDNVGSALTVLSVLTAANTYTIPGYNGVSVAGTYGTLLVHADGSYTYTLNAGLTSAVVGQHDTFTYE","8264.2926"
"LSHPNGTTDTATLTINVDSAAGLTATTSLLADTGDE","3546.292199999999"
"SAALASLAAATDVIAGTDGNDHLDGSQGGHITLQGGAGDDTLVVVDQNFASVDGGSGTDTLLWGGGDASIDLGNLAGRVHDIE","8046.788400000002"
"ILDLNDTSSVALTLNLADVVAITE","2501.1681999999996"
"TATDTLIIKGDDKDSVHMTDNWTLVGNQTADGIDYNQYTAQE","4660.580799999999"
"DPSHHLWVQNGIHVV","1738.1464"
